stage,recall@20,ndcg@20,mean_unique_artists@20,mean_unique_genres@20,mean_max_artist_share@20,mean_seed_genre_ratio@20
stage1,0.03129164679233378,0.05723212961344429,15.011,3.814,0.2018,0.5695
stage1_5,0.025331432908321166,0.05008739883438413,16.844,3.28,0.09720000000000002,0.6780833333333333
stage3,0.025149994671809225,0.048535474630784906,17.02,3.316,0.09675000000000003,0.6724833333333333
