model,recall_at_20,ndcg_at_20,mean_unique_artists@20,mean_unique_genres@20,mean_max_artist_share@20,mean_seed_genre_ratio@20,coverage@20
stage1,0.03129164679233378,0.05723212961344429,15.011,3.814,0.2018,0.5695,0.054152206991892035
stage1_5,0.025331432908321166,0.05008739883438413,16.844,3.28,0.09720000000000002,0.67765,0.053873822004435176
stage3_cnn,0.025149994671809225,0.048535474630784906,17.02,3.316,0.09675000000000003,0.6720499999999999,0.05371564871610742
stage3_myna,0.02495830884642592,0.04828442586967661,17.133,3.357,0.09635000000000002,0.6688,0.053658706332309423
